{
    "$schema": "https://schema.management.azure.com/schemas/2019-04-01/deploymentTemplate.json#",
    "contentVersion": "1.0.0.0",
    "parameters": 
    {
        "publicIPname": 
        {
            "type": "string",
            "metadata": {
                "description": "description"
            }
        },
        "dnsname": {
            "type": "string",
            "metadata": {
                "description": "description"
            }
        },
        "nsgname": 
        {
            "type": "string",
            "metadata": {
                "description": "description"
            }
        },
        "vnname": {
            "type": "string",
            "metadata": {
                "description": "description"
            }
        },
        "addressspaceIP": {
            "type": "string",
            "metadata": {
                "description": "description"
            }
        },
        "subnetname": {
            "type": "string",
            "metadata": {
                "description": "description"
            }
        },
        "nicname": {
            "type": "string",
            "metadata": {
                "description": "description"
            }
        },
        "subbetaddressspace": {
            "type": "string",
            "metadata": {
                "description": "description"
            }
        },
        "vmname": {
            "type": "string",
            "metadata": {
                "description": "description"
            }
        },
        "cname": {
            "type": "string",
            "metadata": {
                "description": "description"
            }
        },
        "username": {
            "type": "string",
            "metadata": {
                "description": "description"
            }
        },
        "password": {
            "type": "securestring",
            "metadata": {
                "description": "description"
            }
        },
        "osdiskname": {
            "type": "string",
            "metadata": {
                "description": "description"
            }
        }
    },
    "functions": [],
    "variables": {},
    "resources": 
    [
      {
        "name": "[parameters('publicIPname')]",
        "type": "Microsoft.Network/publicIPAddresses",
        "apiVersion": "2020-11-01",
        "location": "[resourceGroup().location]",
            "properties": {
            "publicIPAllocationMethod": "Dynamic",
            "dnsSettings": {
                "domainNameLabel": "[parameters('dnsname')]"
            }
        }
      },
      {
        "name": "[parameters('nsgname')]",
        "type": "Microsoft.Network/networkSecurityGroups",
        "apiVersion": "2020-11-01",
        "location": "[resourceGroup().location]",
        "properties": {
            "securityRules": [
                {
                    "name": "RDP",
                    "properties": 
                    {
                        "description": "RDP rules",
                        "protocol": "Tcp",
                        "sourcePortRange": "*",
                        "destinationPortRange": "3389",
                        "sourceAddressPrefix": "*",
                        "destinationAddressPrefix": "*",
                        "access": "Allow",
                        "priority": 100,
                        "direction": "Inbound"
                    }
                },
                {
                    "name": "http",
                    "properties": 
                    {
                        "description": "http rules",
                        "protocol": "Tcp",
                        "sourcePortRange": "*",
                        "destinationPortRange": "80",
                        "sourceAddressPrefix": "*",
                        "destinationAddressPrefix": "*",
                        "access": "Allow",
                        "priority": 110,
                        "direction": "Inbound"
                    }
                },
                {
                    "name": "https",
                    "properties": 
                    {
                        "description": "https rules",
                        "protocol": "Tcp",
                        "sourcePortRange": "*",
                        "destinationPortRange": "443",
                        "sourceAddressPrefix": "*",
                        "destinationAddressPrefix": "*",
                        "access": "Allow",
                        "priority": 120,
                        "direction": "Inbound"
                    }
                }
            ]
        }
      },
      {
        "name": "[parameters('vnname')]",
        "type": "Microsoft.Network/virtualNetworks",
        "apiVersion": "2020-11-01",
        "location": "[resourceGroup().location]",
        "dependsOn": [
            "[resourceId('Microsoft.Network/networkSecurityGroups', parameters('nsgname'))]"
        ],
        "properties": {
            "addressSpace": {
                "addressPrefixes": 
                [
                    "[parameters('addressspaceIP')]"
                ]
            },
            "subnets": [
                {
                    "name": "[parameters('subnetname')]",
                    "properties": {
                        "addressPrefix": "[parameters('subbetaddressspace')]",
                        "networkSecurityGroup": {
                            "id": "[resourceId('Microsoft.Network/networkSecurityGroups', parameters('nsgname'))]"
                        }
                    }
                }
            ]
        }
      },
      {
        "name": "[parameters('nicname')]",
        "type": "Microsoft.Network/networkInterfaces",
        "apiVersion": "2020-11-01",
        "location": "[resourceGroup().location]",
        "dependsOn": [
            "[resourceId('Microsoft.Network/publicIPAddresses', parameters('publicIPname'))]",
            "[resourceId('Microsoft.Network/virtualNetworks', parameters('vnname'))]"
        ],
        "properties": {
            "ipConfigurations": [
                {
                    "name": "ipConfig1",
                    "properties": {
                        "privateIPAllocationMethod": "Dynamic",
                        "publicIPAddress": {
                            "id": "[resourceId('Microsoft.Network/publicIPAddresses', parameters('publicIPname'))]"
                        },
                        "subnet": {
                            "id": "[resourceId('Microsoft.Network/virtualNetworks/subnets', parameters('vnname'), parameters('subnetname'))]"
                        }
                    }
                }
            ]
        }
      },
      {
        "name": "[parameters('vmname')]",
        "type": "Microsoft.Compute/virtualMachines",
        "apiVersion": "2021-03-01",
        "location": "[resourceGroup().location]",
        "dependsOn": [
               "[resourceId('Microsoft.Network/networkInterfaces', parameters('nicname'))]"
        ],
        "properties": {
            "hardwareProfile": {
                "vmSize": "Standard_B2ms"
            },
            "osProfile": {
                "computerName": "[parameters('cname')]",
                "adminUsername": "[parameters('username')]",
                "adminPassword": "[parameters('password')]",
                "windowsConfiguration": 
                    {
                        "provisionVMAgent": true,
                        "enableAutomaticUpdates": true,
                        "patchSettings": 
                        {
                            "patchMode": "AutomaticByOS",
                            "assessmentMode": "ImageDefault",
                            "enableHotpatching": false
                        }
                    },
            },
            "storageProfile": {
                "imageReference": {
                    "publisher": "MicrosoftWindowsServer",
                    "offer": "WindowsServer",
                    "sku": "2012-R2-Datacenter",
                    "version": "latest"
                },
                "osDisk": {
                    "name": "[parameters('osdiskname')]",
                    "caching": "ReadWrite",
                    "createOption": "FromImage"
                }
            },
            "networkProfile": {
                "networkInterfaces": [
                    {
                        "id": "[resourceId('Microsoft.Network/networkInterfaces', parameters('nicname'))]"
                    }
                ]
            },
            "diagnosticsProfile": {
                "bootDiagnostics": {
                    "enabled": false
                    
                }
            }
        }
      }
    ],
    "outputs": {}
}