{
  "$schema": "https://schema.management.azure.com/schemas/2019-04-01/deploymentTemplate.json#",
  "contentVersion": "1.0.0.0",
  "parameters": {},
  "variables": {},
  "resources": [
    {
      "type": "Microsoft.Network/virtualNetworks",
      "apiVersion": "2021-03-01",
      "name": "vnet1",
      "location": "[resourceGroup().location]",
      "properties": {
        "addressSpace": {
          "addressPrefixes": [
            "10.0.0.0/16"
          ]
        },
        "subnets": [
          {
            "name": "presentationSubnet",
            "properties": {
              "addressPrefix": "10.0.0.0/24"
            }
          },
          {
            "name": "applicationSubnet",
            "properties": {
              "addressPrefix": "10.0.1.0/24"
            }
          },
          {
            "name": "dataSubnet",
            "properties": {
              "addressPrefix": "10.0.2.0/24"
            }
          }
        ]
      }
    },
    {
      "type": "Microsoft.Compute/virtualMachines",
      "apiVersion": "2021-03-01",
      "name": "presentationVM1",
      "location": "[resourceGroup().location]",
      "dependsOn": [
        "[resourceId('Microsoft.Network/virtualNetworks', 'vnet1')]",
        "presentationNicLB"
      ],
      "properties": {
        "hardwareProfile": {
          "vmSize": "Standard_DS2_v2"
        },
        "storageProfile": {
                "imageReference": {
                    "publisher": "MicrosoftWindowsServer",
                    "offer": "WindowsServer",
                    "sku": "2012-R2-Datacenter",
                    "version": "latest"
                },
                "osDisk": {
                    "name": "presentationVM1disk",
                    "caching": "ReadWrite",
                    "createOption": "FromImage"
                }
            },
        "networkProfile": {
          "networkInterfaces": [
            {
              "id": "[resourceId('Microsoft.Network/networkInterfaces', 'presentationNic1')]"
            }
          ]
        }
      }
    },
    {
      "type": "Microsoft.Compute/virtualMachines",
      "apiVersion": "2021-03-01",
      "name": "presentationVM2",
      "location": "[resourceGroup().location]",
      "dependsOn": [
        "[resourceId('Microsoft.Network/virtualNetworks', 'vnet1')]",
        "presentationNicLB"
      ],
      "properties": {
        "hardwareProfile": {
          "vmSize": "Standard_DS2_v2"
        },
        "storageProfile": {
                "imageReference": {
                    "publisher": "MicrosoftWindowsServer",
                    "offer": "WindowsServer",
                    "sku": "2012-R2-Datacenter",
                    "version": "latest"
                },
                "osDisk": {
                    "name": "presentationVM2disk",
                    "caching": "ReadWrite",
                    "createOption": "FromImage"
                }
            },
        "networkProfile": {
          "networkInterfaces": [
            {
              "id": "[resourceId('Microsoft.Network/networkInterfaces', 'presentationNic2')]"
            }
          ]
        }
      }
    },
    {
      "type": "Microsoft.Compute/virtualMachines",
      "apiVersion": "2021-03-01",
      "name": "applicationVM1",
      "location": "[resourceGroup().location]",
      "dependsOn": [
        "[resourceId('Microsoft.Network/virtualNetworks', 'vnet1')]",
        "applicationNicLB"
      ],
      "properties": {
        "hardwareProfile": {
          "vmSize": "Standard_DS2_v2"
        },
        "storageProfile": {
                "imageReference": {
                    "publisher": "MicrosoftWindowsServer",
                    "offer": "WindowsServer",
                    "sku": "2012-R2-Datacenter",
                    "version": "latest"
                },
                "osDisk": {
                    "name": "applicationVM1disk",
                    "caching": "ReadWrite",
                    "createOption": "FromImage"
                }
            },
        "networkProfile": {
          "networkInterfaces": [
            {
              "id": "[resourceId('Microsoft.Network/networkInterfaces', 'applicationNic1')]"
            }
          ]
        }
      }
    },
    {
      "type": "Microsoft.Compute/virtualMachines",
      "apiVersion": "2021-03-01",
      "name": "applicationVM2",
      "location": "[resourceGroup().location]",
      "dependsOn": [
        "[resourceId('Microsoft.Network/virtualNetworks', 'vnet1')]",
        "applicationNicLB"
      ],
      "properties": {
        "hardwareProfile": {
          "vmSize": "Standard_DS2_v2"
        },
        "storageProfile": {
                "imageReference": {
                    "publisher": "MicrosoftWindowsServer",
                    "offer": "WindowsServer",
                    "sku": "2012-R2-Datacenter",
                    "version": "latest"
                },
                "osDisk": {
                    "name": "applicationVM2disk",
                    "caching": "ReadWrite",
                    "createOption": "FromImage"
                }
            },
        "networkProfile": {
          "networkInterfaces": [
            {
              "id": "[resourceId('Microsoft.Network/networkInterfaces', 'applicationNic2')]"
            }
          ]
        }
      }
    },
    {
      "type": "Microsoft.Compute/virtualMachines",
      "apiVersion": "2021-03-01",
      "name": "dataVM1",
      "location": "[resourceGroup().location]",
      "dependsOn": [
        "[resourceId('Microsoft.Network/virtualNetworks', 'vnet1')]",
        "dataNicLB"
      ],
      "properties": {
        "hardwareProfile": {
          "vmSize": "Standard_DS2_v2"
        },
        "storageProfile": {
                "imageReference": {
                    "publisher": "MicrosoftWindowsServer",
                    "offer": "WindowsServer",
                    "sku": "2012-R2-Datacenter",
                    "version": "latest"
                },
                "osDisk": {
                    "name": "dataVM1disk",
                    "caching": "ReadWrite",
                    "createOption": "FromImage"
                }
            },
        "networkProfile": {
          "networkInterfaces": [
            {
              "id": "[resourceId('Microsoft.Network/networkInterfaces', 'dataNic1')]"
            }
          ]
        }
      }
    },
    {
      "type": "Microsoft.Compute/virtualMachines",
      "apiVersion": "2021-03-01",
      "name": "dataVM2",
      "location": "[resourceGroup().location]",
      "dependsOn": [
        "[resourceId('Microsoft.Network/virtualNetworks', 'vnet1')]",
        "dataNicLB"
      ],
      "properties": {
        "hardwareProfile": {
          "vmSize": "Standard_DS2_v2"
        },
          "storageProfile": {
                "imageReference": {
                    "publisher": "MicrosoftWindowsServer",
                    "offer": "WindowsServer",
                    "sku": "2012-R2-Datacenter",
                    "version": "latest"
                },
                "osDisk": {
                    "name": "dataVM2disk",
                    "caching": "ReadWrite",
                    "createOption": "FromImage"
                }
            },
        "networkProfile": {
          "networkInterfaces": [
            {
              "id": "[resourceId('Microsoft.Network/networkInterfaces','dataNic2')]"
            }
          ]
        }
      }
    },
    {
      "type": "Microsoft.Network/networkInterfaces",
      "apiVersion": "2021-03-01",
      "name": "presentationNic1",
      "location": "[resourceGroup().location]",
      "dependsOn": [
        "[resourceId('Microsoft.Network/virtualNetworks', 'vnet1')]"
      ],
      "properties": {
        "ipConfigurations": [
          {
            "name": "ipconfig1",
            "properties": {
              "subnet": {
                "id": "[resourceId('Microsoft.Network/virtualNetworks/subnets', 'vnet1', 'presentationSubnet')]"
              },
              "privateIPAllocationMethod": "Dynamic"
            }
          }
        ]
      }
    },
    {
      "type": "Microsoft.Network/networkInterfaces",
      "apiVersion": "2021-03-01",
      "name": "presentationNic2",
      "location": "[resourceGroup().location]",
      "dependsOn": [
        "[resourceId('Microsoft.Network/virtualNetworks', 'vnet1')]"
      ],
      "properties": {
        "ipConfigurations": [
          {
            "name": "ipconfig1",
            "properties": {
              "subnet": {
                "id": "[resourceId('Microsoft.Network/virtualNetworks/subnets', 'vnet1', 'presentationSubnet')]"
              },
              "privateIPAllocationMethod": "Dynamic"
            }
          }
        ]
      }
    },
    {
      "type": "Microsoft.Network/networkInterfaces",
      "apiVersion": "2021-03-01",
      "name": "applicationNic1",
      "location": "[resourceGroup().location]",
      "dependsOn": [
        "[resourceId('Microsoft.Network/virtualNetworks', 'vnet1')]"
      ],
      "properties": {
        "ipConfigurations": [
          {
            "name": "ipconfig1",
            "properties": {
              "subnet": {
                "id": "[resourceId('Microsoft.Network/virtualNetworks/subnets', 'vnet1', 'applicationSubnet')]"
              },
              "privateIPAllocationMethod": "Dynamic"
            }
          }
        ]
      }
    },
    {
      "type": "Microsoft.Network/networkInterfaces",
      "apiVersion": "2021-03-01",
      "name": "applicationNic2",
      "location": "[resourceGroup().location]",
      "dependsOn": [
        "[resourceId('Microsoft.Network/virtualNetworks', 'vnet1')]"
      ],
      "properties": {
        "ipConfigurations": [
          {
            "name": "ipconfig1",
            "properties": {
              "subnet": {
                "id": "[resourceId('Microsoft.Network/virtualNetworks/subnets', 'vnet1', 'applicationSubnet')]"
              },
              "privateIPAllocationMethod": "Dynamic"
            }
          }
        ]
      }
    },
    {
      "type": "Microsoft.Network/networkInterfaces",
      "apiVersion": "2021-03-01",
      "name": "dataNic1",
      "location": "[resourceGroup().location]",
      "dependsOn": [
        "[resourceId('Microsoft.Network/virtualNetworks', 'vnet1')]"
      ],
      "properties": {
        "ipConfigurations": [
          {
            "name": "ipconfig1",
            "properties": {
              "subnet": {
                "id": "[resourceId('Microsoft.Network/virtualNetworks/subnets', 'vnet1', 'dataSubnet')]"
              },
              "privateIPAllocationMethod": "Dynamic"
            }
          }
        ]
      }
    },
    {
      "type": "Microsoft.Network/networkInterfaces",
      "apiVersion": "2021-03-01",
      "name": "dataNic2",
      "location": "[resourceGroup().location]",
      "dependsOn": [
        "[resourceId('Microsoft.Network/virtualNetworks', 'vnet1')]"
      ],
      "properties": {
        "ipConfigurations": [
          {
            "name": "ipconfig1",
            "properties": {
              "subnet": {
                "id": "[resourceId('Microsoft.Network/virtualNetworks/subnets', 'vnet1', 'dataSubnet')]"
              },
              "privateIPAllocationMethod": "Dynamic"
            }
          }
        ]
      }
    },
    {
      "type": "Microsoft.Network/loadBalancers",
      "apiVersion": "2021-03-01",
      "name": "presentationNicLB",
      "location": "[resourceGroup().location]",
      "dependsOn": [
        "[resourceId('Microsoft.Network/virtualNetworks', 'vnet1')]"
      ],
      "properties": {
        "frontendIPConfigurations": [
          {
            "name": "frontendconfig",
            "properties": {
              "subnet": {
                "id": "[resourceId('Microsoft.Network/virtualNetworks/subnets', 'vnet1', 'presentationSubnet')]"
              }
            }
          }
        ],
        "backendAddressPools": [
          {
            "name": "backendpool"
          }
        ],
        "loadBalancingRules": [
          {
            "name": "http",
            "properties": {
              "frontendIPConfiguration": {
                "id": "[concat(resourceId('Microsoft.Network/loadBalancers', 'presentationNicLB'), '/frontendIPConfigurations/frontendconfig')]"
              },
              "backendAddressPool": {
                "id": "[concat(resourceId('Microsoft.Network/loadBalancers', 'presentationNicLB'), '/backendAddressPools/backendpool')]"
              },
              "protocol": "Tcp",
              "frontendPort": 80,
              "backendPort": 80,
              "enableFloatingIP": false,
              "idleTimeoutInMinutes": 5
            }
          }
        ]
      }
    },
    {
      "type": "Microsoft.Network/loadBalancers",
      "apiVersion": "2021-03-01",
      "name": "applicationNicLB",
      "location": "[resourceGroup().location]",
      "dependsOn": [
        "[resourceId('Microsoft.Network/virtualNetworks', 'vnet1')]"
      ],
      "properties": {
        "frontendIPConfigurations": [
          {
            "name": "frontendconfig",
            "properties": {
              "subnet": {
                "id": "[resourceId('Microsoft.Network/virtualNetworks/subnets', 'vnet1', 'applicationSubnet')]"
              }
            }
          }
        ],
        "backendAddressPools": [
          {
            "name": "backendpool"
          }
        ],
        "loadBalancingRules": [
          {
            "name": "http",
            "properties": {
              "frontendIPConfiguration": {
                "id": "[concat(resourceId('Microsoft.Network/loadBalancers', 'applicationNicLB'), '/frontendIPConfigurations/frontendconfig')]"
              },
              "backendAddressPool": {
                "id": "[concat(resourceId('Microsoft.Network/loadBalancers', 'applicationNicLB'), '/backendAddressPools/backendpool')]"
              },
              "protocol": "Tcp",
              "frontendPort": 80,
              "backendPort": 80,
              "enableFloatingIP": false,


              "idleTimeoutInMinutes": 5
            }
          }
        ]
      }
    },
    {
      "type": "Microsoft.Network/loadBalancers",
      "apiVersion": "2021-03-01",
      "name": "dataNicLB",
      "location": "[resourceGroup().location]",
      "dependsOn": [
        "[resourceId('Microsoft.Network/virtualNetworks', 'vnet1')]"
      ],
      "properties": {
        "frontendIPConfigurations": [
          {
            "name": "frontendconfig",
            "properties": {
              "subnet": {
                "id": "[resourceId('Microsoft.Network/virtualNetworks/subnets', 'vnet1', 'dataSubnet')]"
              }
            }
          }
        ],
        "backendAddressPools": [
          {
            "name": "backendpool"
          }
        ],
        "loadBalancingRules": [
          {
            "name": "http",
            "properties": {
              "frontendIPConfiguration": {
                "id": "[concat(resourceId('Microsoft.Network/loadBalancers', 'dataNicLB'), '/frontendIPConfigurations/frontendconfig')]"
              },
              "backendAddressPool": {
                "id": "[concat(resourceId('Microsoft.Network/loadBalancers', 'dataNicLB'), '/backendAddressPools/backendpool')]"
              },
              "protocol": "Tcp",
              "frontendPort": 80,
              "backendPort": 80,
              "enableFloatingIP": false,
              "idleTimeoutInMinutes": 5
            }
          }
        ]
      }
    }
  ],
  "outputs": {}
}
